id;data;data_content_type;original_name
1;../fake-data/blob/hipster.png;image/png;Developer
2;../fake-data/blob/hipster.png;image/png;Savings Account Avon gold
3;../fake-data/blob/hipster.png;image/png;Analyst Regional client-driven
4;../fake-data/blob/hipster.png;image/png;silver models
5;../fake-data/blob/hipster.png;image/png;virtual
6;../fake-data/blob/hipster.png;image/png;overriding
7;../fake-data/blob/hipster.png;image/png;Polarised Multi-layered De-engineered
8;../fake-data/blob/hipster.png;image/png;Incredible Fresh Salad
9;../fake-data/blob/hipster.png;image/png;Executive Somali Shilling Avon
10;../fake-data/blob/hipster.png;image/png;capacitor Harbor
