id;login;first_name;last_name;email;image_url;activated;lang_key;created_by;created_date;last_modified_by;last_modified_date
cff72699-21ff-4743-b67d-e3809f2519fa;mayra_rosenbaum;Mayra;Rosenbaum;mayra_rosenbaum@localhost;;true;en;mayra_rosenbaum;2022-03-20T00:00:01.000Z;mayra_rosenbaum;2022-03-20T00:00:01.000Z
5b875210-6c55-4460-86e7-b092dd6c0e6e;marion_sanford;Marion;Sanford;marion_sanford@localhost;;true;en;marion_sanford;2022-03-20T00:00:01.000Z;marion_sanford;2022-03-20T00:00:01.000Z
632b0880-c08f-4853-a60c-5f0e08788c78;dominique_collier;Dominique;Collier;dominique_collier@localhost;;true;en;dominique_collier;2022-03-20T00:00:01.000Z;dominique_collier;2022-03-20T00:00:01.000Z
e9b956c6-2d08-44f1-bbc2-a14effb8fba0;corrin_lesch;Corrin;Lesch;corrin_lesch@localhost;;true;en;corrin_lesch;2022-03-20T00:00:01.000Z;corrin_lesch;2022-03-20T00:00:01.000Z
e38e3704-78ca-472f-b237-9e6f8761ae2e;darnell_johns;Darnell;Johns;darnell_johns@localhost;;true;en;darnell_johns;2022-03-20T00:00:01.000Z;darnell_johns;2022-03-20T00:00:01.000Z
4e23a0cb-1265-4200-8e10-860097aaa0ee;sherice_hoeger;Sherice;Hoeger;sherice_hoeger@localhost;;true;en;sherice_hoeger;2022-03-20T00:00:01.000Z;sherice_hoeger;2022-03-20T00:00:01.000Z
f9f69f16-1acd-4ad5-83d2-e2500c38613c;rayford_friesen;Rayford;Friesen;rayford_friesen@localhost;;true;en;rayford_friesen;2022-03-20T00:00:01.000Z;rayford_friesen;2022-03-20T00:00:01.000Z
b133bda8-d99b-4009-a8ea-3e5c89b2cd60;laurence_swaniawski;Laurence;Swaniawski;laurence_swaniawski@localhost;;true;en;laurence_swaniawski;2022-03-20T00:00:01.000Z;laurence_swaniawski;2022-03-20T00:00:01.000Z
257295cb-173c-40b0-a2d6-9e3aec04aa2a;jeremiah_quigley;Jeremiah;Quigley;jeremiah_quigley@localhost;;true;en;jeremiah_quigley;2022-03-20T00:00:01.000Z;jeremiah_quigley;2022-03-20T00:00:01.000Z
cfa5c60b-dd45-4bec-a252-ac79634dbcbb;lizabeth_smith;Lizabeth;Smith;lizabeth_smith@localhost;;true;en;lizabeth_smith;2022-03-20T00:00:01.000Z;lizabeth_smith;2022-03-20T00:00:01.000Z
